{"X_ratio": [1.01, 1.02, 1.03, 1.04, 1.05, 1.06, 1.07, 1.08, 1.09, 1.1, 1.11, 1.12, 1.13, 1.1400000000000001, 1.15], "Z_enc": [60056.10812581913, 58133.63237221494, 58184.93643512451, 55783.471494102225, 54565.01802096986, 52874.946592398424, 51989.52883355177, 50593.60190039319, 49535.082241153345, 48358.75163826999, 46453.133027522934, 45842.41480996068, 44396.28505897772, 43919.21133682831, 42779.463302752294, 65415.32896461337, 64271.58453473132, 61475.394495412846, 59448.67955439056, 56547.77653997379, 54611.81192660551, 53125.35910878113, 51075.5622542595, 48850.236566186104, 47442.434469200525, 46221.11730013106, 45678.369593709045, 44838.079292267365, 44244.1120576671, 43204.14482306684, 66478.68545216252, 61470.07339449541, 60268.08650065531, 57687.21363040629, 55494.91874180865, 54070.528178243774, 52786.18217562254, 51258.9750982962, 50014.62123197903, 48770.64613368283, 47298.528178243774, 46097.67234600262, 45691.95543905636, 44447.16120576671, 43308.6749672346, 67995.10209424084, 61687.32722513089, 59691.37434554974, 56813.55759162304, 54514.44240837696, 52667.91361256545, 51373.70418848168, 50241.858638743455, 48055.431937172776, 47310.732984293194, 45915.73821989529, 44845.102094240836, 44129.93455497382, 43536.83507853403, 41538.785340314134, 63791.66492146597, 60051.94240837696, 57062.13089005236, 54756.30366492146, 52389.7277486911, 50610.931937172776, 49163.68586387434, 47736.01047120419, 46369.27748691099, 45118.55497382199, 44155.34031413613, 43127.167539267015, 42083.76963350785, 41841.65968586387, 40848.17277486911, 57270.239583333336, 53352.239583333336, 50710.59375, 48423.822916666664, 46480.479166666664, 46593.166666666664, 44640.979166666664, 43750.625, 42491.208333333336, 41695.177083333336, 40576.333333333336, 40317.052083333336, 39564.364583333336, 38742.041666666664, 38567.854166666664, 54405.729166666664, 50151.395833333336, 46688.604166666664, 45546.4375, 44578.8125, 43859.416666666664, 43407.125, 43491.833333333336, 42850.333333333336, 42000.3125, 41581.5625, 41416.9375, 41357.1875, 40866.833333333336, 40813.854166666664, 50287.375, 48585.458333333336, 47099.458333333336, 46581.333333333336, 45818.041666666664, 44834.5, 44863.583333333336, 43342.291666666664, 43596.75, 43231.291666666664, 42868.041666666664, 41558.458333333336, 41628.291666666664, 40752.875, 39760.833333333336, 49531.916666666664, 47877.5, 47061.75, 45978.166666666664, 45039.333333333336, 44215.083333333336, 43500.583333333336, 40926.666666666664, 38875, 34629.666666666664, 31810.583333333332, 29809.75, 28148.916666666668, 27025.5, 26002.416666666668, 47550.666666666664, 45993, 45912.333333333336, 44526.333333333336, 36310.166666666664, 31550.833333333332, 28369.833333333332, 26482.333333333332, 25009.833333333332, 23903.833333333332, 23084.166666666668, 22382.166666666668, 21731.166666666668, 21217.666666666668, 20761.833333333332, 44366.8, 41680.2, 30417.2, 25914.4, 23626, 22125.6, 21054.6, 20285.2, 19694.8, 19350.8, 18860, 18621.2, 18349, 18172, 17933.2, 39441.8, 25178.4, 21712.2, 20094.4, 19147.4, 18533, 18168.4, 17812.6, 17612.6, 17363.2, 17215.8, 17038.6, 16886, 16780.2, 16657.2], "symbol_sz": 1280, "Z_dec": [22524.365334207076, 21788.783093053735, 21558.72739187418, 20638.137942332898, 20335.685452162517, 20049.478374836173, 19642.48394495413, 19320.674311926607, 19153.855176933157, 18944.417103538664, 18610.09338138925, 18558.620576671034, 17823.747051114024, 17411.02981651376, 17070.452817824378, 22768.935779816515, 22242.520969855832, 21774.96526867628, 21313.53604193971, 20757.258191349934, 20543.363040629094, 20081.65399737877, 19483.74770642202, 18814.6874180865, 18594.140891218874, 17890.334207077325, 17871.83486238532, 17611.208387942334, 17368.69003931848, 17133.228047182176, 21782.48885976409, 21107.129750982964, 21533.37090432503, 20829.395806028835, 20372.743119266055, 19951.229357798165, 19472.596330275228, 19165.51638269987, 18822.479685452163, 18482.061598951506, 18105.601572739186, 17843.393184796856, 17598.38269986894, 17269.51376146789, 16943.94888597641, 24413.955497382198, 23267.903141361257, 22629.803664921466, 22331.751308900522, 21894.00785340314, 21134.83769633508, 21121.43717277487, 20960.547120418847, 20318.67277486911, 19851.66230366492, 19735.1832460733, 19628.90837696335, 19378.358638743455, 19315.91884816754, 18383.806282722515, 21323.01047120419, 20721.9109947644, 19997.49214659686, 19689.324607329843, 19278.71727748691, 18925.785340314134, 18649.59162303665, 18218.476439790575, 18317.31937172775, 17791.633507853403, 17630.287958115183, 17247.15183246073, 17204.722513089004, 17303.58115183246, 16807.329842931937, 19520.3125, 18902.947916666668, 18701.03125, 18289.520833333332, 17985.583333333332, 18106.302083333332, 17591.90625, 17211.5, 16911.25, 16751.59375, 16498.46875, 16382.166666666666, 16346.552083333334, 16009.135416666666, 16057.197916666666, 19033.083333333332, 18478.4375, 17612.5, 17853.729166666668, 17705.9375, 17450.645833333332, 17131.25, 17034.395833333332, 16742.458333333332, 16502.291666666668, 16365.4375, 15967, 15667.229166666666, 15568.9375, 15332.3125, 18426.958333333332, 18320.166666666668, 18046.208333333332, 17461.125, 17326.541666666668, 16655.875, 16272.458333333334, 15742.541666666666, 15215.041666666666, 14716.666666666666, 14309.958333333334, 13924.875, 13291.375, 13131.125, 12844.791666666666, 18071.333333333332, 17605.416666666668, 16939.083333333332, 16234.5, 15301.416666666666, 14242.333333333334, 13731.666666666666, 13091.166666666666, 12707.833333333334, 12371.916666666666, 12106.916666666666, 11832.083333333334, 11683, 11454.5, 11182, 17246.833333333332, 16268.666666666666, 14550.666666666666, 13489, 12779, 12269.166666666666, 11918.166666666666, 11562.833333333334, 11315.5, 11152.666666666666, 10862.666666666666, 10777, 10634.5, 10455.666666666666, 10356.333333333334, 16223.6, 13507.4, 12399.8, 11712.4, 11407, 11055.8, 10783.8, 10617.8, 10449.2, 10320.6, 10159.2, 10069.4, 9979.6, 9856.4, 9820.4, 13386.6, 11648.2, 11083.8, 10704.4, 10480, 10293.6, 10175.4, 10015.2, 9936.2, 9840.4, 9778.8, 9663.2, 9577.8, 9513.6, 9445.2], "Y_size": [327680, 655360, 1310720, 2621440, 5242880, 10485760, 20971520, 41943040, 83886080, 167772160, 335544320, 671088640],